<?xml version="1.0" encoding="UTF-8" ?> 

<!DOCTYPE mapper PUBLIC "-//mybatis.org//DTD Mapper 3.0//EN" "http://mybatis.org/dtd/mybatis-3-mapper.dtd"> 
  
<mapper namespace="org.activiti.engine.impl.persistence.entity.DeploymentEntity">

  <!-- DEPLOYMENT INSERT -->
  
  <insert id="insertDeployment" parameterType="org.activiti.engine.impl.persistence.entity.DeploymentEntity">
    insert into ${prefix}ACT_RE_DEPLOYMENT(ID_, NAME_, CATEGORY_, DEPLOY_TIME_)
    values(#{id, jdbcType=VARCHAR}, #{name, jdbcType=VARCHAR}, #{category, jdbcType=VARCHAR}, #{deploymentTime, jdbcType=TIMESTAMP})
  </insert>
  
  <!-- DEPLOYMENT UPDATE -->
  
  <!-- DEPLOYMENT DELETE -->
  
  <delete id="deleteDeployment" parameterType="string">
    delete from ${prefix}ACT_RE_DEPLOYMENT where ID_ = #{id}
  </delete>

  <!-- DEPLOYMENT RESULTMAP -->
  
  <resultMap id="deploymentResultMap" type="org.activiti.engine.impl.persistence.entity.DeploymentEntity">
    <id property="id" column="ID_" jdbcType="VARCHAR" />
    <result property="name" column="NAME_" jdbcType="VARCHAR" />
    <result property="category" column="CATEGORY_" jdbcType="VARCHAR" />
    <result property="deploymentTime" column="DEPLOY_TIME_" jdbcType="TIMESTAMP"/>
  </resultMap>

  <!-- DEPLOYMENT SELECT -->

  <select id="selectDeploymentsByQueryCriteria" parameterType="org.activiti.engine.impl.DeploymentQueryImpl" resultMap="deploymentResultMap">
  	${limitBefore}
    select distinct RES.* ${limitBetween}
    <include refid="selectDeploymentsByQueryCriteriaSql"/>
    ${orderBy}
    ${limitAfter}
  </select>

  <select id="selectDeploymentCountByQueryCriteria" parameterType="org.activiti.engine.impl.DeploymentQueryImpl" resultType="long">
    select count(distinct RES.ID_)
    <include refid="selectDeploymentsByQueryCriteriaSql"/>
  </select>
  
  <sql id="selectDeploymentsByQueryCriteriaSql">  
    from ${prefix}ACT_RE_DEPLOYMENT RES
    <where>
      <if test="deploymentId != null">
        RES.ID_ = #{deploymentId}
      </if>
      <if test="name != null">
        and RES.NAME_ = #{name}
      </if>
      <if test="nameLike != null">
        and RES.NAME_ like #{nameLike}
      </if>
      <if test="category != null">
        and RES.CATEGORY_ = #{category}
      </if>
      <if test="categoryNotEquals != null">
        and ( RES.CATEGORY_ &lt;&gt; #{categoryNotEquals} OR RES.CATEGORY_ is null )  
      </if>
    </where>
  </sql>
    
  <select id="selectDeploymentsByName" parameterType="org.activiti.engine.impl.db.ListQueryParameterObject" resultMap="deploymentResultMap">
    select * from ${prefix}ACT_RE_DEPLOYMENT D where NAME_=#{parameter} order by D.DEPLOY_TIME_ desc
  </select>
  
  <select id="selectDeploymentById" parameterType="string" resultMap="deploymentResultMap">
    select * from ${prefix}ACT_RE_DEPLOYMENT where ID_ = #{id}
  </select>

  <!-- mysql specific -->
  <select id="selectDeploymentsByQueryCriteria_mysql" parameterType="org.activiti.engine.impl.DeploymentQueryImpl" resultMap="deploymentResultMap">
  	${limitBefore}
    select distinct RES.* ${limitBetween}
    <include refid="selectDeploymentsByQueryCriteriaSql"/>
   	${orderBy}
    ${limitAfter}
  </select>
  
  <!-- mysql specific -->
  <select id="selectDeploymentCountByQueryCriteria_mysql" parameterType="org.activiti.engine.impl.DeploymentQueryImpl" resultType="long">
    select distinct count(RES.ID_)
    <include refid="selectDeploymentsByQueryCriteriaSql"/>
  </select>

</mapper>