<?xml version="1.0" encoding="UTF-8" ?>

<!--
  ~ Licensed under the Apache License, Version 2.0 (the "License");
  ~ you may not use this file except in compliance with the License.
  ~ You may obtain a copy of the License at
  ~
  ~       http://www.apache.org/licenses/LICENSE-2.0
  ~
  ~ Unless required by applicable law or agreed to in writing, software
  ~ distributed under the License is distributed on an "AS IS" BASIS,
  ~ WITHOUT WARRANTIES OR CONDITIONS OF ANY KIND, either express or implied.
  ~ See the License for the specific language governing permissions and
  ~ limitations under the License.
  -->

<!DOCTYPE mapper PUBLIC "-//mybatis.org//DTD Mapper 3.0//EN" "http://mybatis.org/dtd/mybatis-3-mapper.dtd">

<mapper namespace="org.activiti.engine.impl.persistence.entity.HistoricTaskInstanceEntity">
  
  <!-- HISTORIC TASK INSTANCE INSERT -->
  
  <insert id="insertHistoricTaskInstance" parameterType="org.activiti.engine.impl.persistence.entity.HistoricTaskInstanceEntity">
      insert into ${prefix}ACT_HI_TASKINST (
        ID_,
        PROC_DEF_ID_,
        PROC_INST_ID_,
        EXECUTION_ID_,
        NAME_,
        PARENT_TASK_ID_,
        DESCRIPTION_,
        OWNER_,
        ASSIGNEE_,
        START_TIME_,
        END_TIME_,
        DURATION_,
        DELETE_REASON_,
        TASK_DEF_KEY_,
        PRIORITY_,
        DUE_DATE_
      ) values (
        #{id ,jdbcType=VARCHAR},
        #{processDefinitionId, jdbcType=VARCHAR},
        #{processInstanceId, jdbcType=VARCHAR},
        #{executionId, jdbcType=VARCHAR},
        #{name ,jdbcType=VARCHAR},
        #{parentTaskId ,jdbcType=VARCHAR},
        #{description ,jdbcType=VARCHAR},
        #{owner ,jdbcType=VARCHAR},
        #{assignee ,jdbcType=VARCHAR},
        #{startTime, jdbcType=TIMESTAMP},
        #{endTime, jdbcType=TIMESTAMP},
        #{durationInMillis ,jdbcType=BIGINT},
        #{deleteReason ,jdbcType=VARCHAR},
        #{taskDefinitionKey ,jdbcType=VARCHAR},
        #{priority, jdbcType=INTEGER},
        #{dueDate, jdbcType=TIMESTAMP}
      )
  </insert>

  <!-- HISTORIC TASK INSTANCE UPDATE -->
  
  <update id="updateHistoricTaskInstance" parameterType="org.activiti.engine.impl.persistence.entity.HistoricTaskInstanceEntity">
    update ${prefix}ACT_HI_TASKINST set
      EXECUTION_ID_ = #{executionId, jdbcType=VARCHAR},
      NAME_ = #{name, jdbcType=VARCHAR},
      PARENT_TASK_ID_ = #{parentTaskId, jdbcType=VARCHAR},
      DESCRIPTION_ = #{description, jdbcType=VARCHAR},
      OWNER_ = #{owner, jdbcType=VARCHAR},
      ASSIGNEE_ = #{assignee, jdbcType=VARCHAR},
      END_TIME_ = #{endTime, jdbcType=TIMESTAMP},
      DURATION_ = #{durationInMillis ,jdbcType=BIGINT},
      DELETE_REASON_ = #{deleteReason ,jdbcType=VARCHAR},
      TASK_DEF_KEY_ = #{taskDefinitionKey ,jdbcType=VARCHAR},
      PRIORITY_ = #{priority, jdbcType=INTEGER},
      DUE_DATE_ = #{dueDate, jdbcType=TIMESTAMP}
    where ID_ = #{id}
  </update>

  <!-- HISTORIC TASK INSTANCE DELETE -->
  
  <delete id="deleteHistoricTaskInstance" parameterType="org.activiti.engine.impl.persistence.entity.HistoricTaskInstanceEntity">
    delete from ${prefix}ACT_HI_TASKINST where ID_ = #{id}
  </delete>

  <!-- HISTORIC TASK INSTANCE RESULT MAP -->

  <resultMap id="historicTaskInstanceResultMap" type="org.activiti.engine.impl.persistence.entity.HistoricTaskInstanceEntity">
    <id property="id" column="ID_" jdbcType="VARCHAR" />
    <result property="processDefinitionId" column="PROC_DEF_ID_" jdbcType="VARCHAR" />
    <result property="processInstanceId" column="PROC_INST_ID_" jdbcType="VARCHAR" />
    <result property="executionId" column="EXECUTION_ID_" jdbcType="VARCHAR" />
    <result property="name" column="NAME_" jdbcType="VARCHAR" />
    <result property="parentTaskId" column="PARENT_TASK_ID_" jdbcType="VARCHAR" />
    <result property="description" column="DESCRIPTION_" jdbcType="VARCHAR" />
    <result property="owner" column="OWNER_" jdbcType="VARCHAR" />
    <result property="assignee" column="ASSIGNEE_" jdbcType="VARCHAR" />
    <result property="startTime" column="START_TIME_" jdbcType="TIMESTAMP" />
    <result property="endTime" column="END_TIME_" jdbcType="TIMESTAMP" />
    <result property="durationInMillis" column="DURATION_" jdbcType="BIGINT" />
    <result property="deleteReason" column="DELETE_REASON_" jdbcType="VARCHAR" />
    <result property="taskDefinitionKey" column="TASK_DEF_KEY_" jdbcType="VARCHAR" />
    <result property="priority" column="PRIORITY_" jdbcType="INTEGER" />
    <result property="dueDate" column="DUE_DATE_" jdbcType="TIMESTAMP" />
  </resultMap>

  <!-- HISTORIC TASK INSTANCE SELECT -->
  
  <select id="selectHistoricTaskInstance" resultMap="historicTaskInstanceResultMap">
    select * from ${prefix}ACT_HI_TASKINST where ID_ = #{historicTaskInstanceId}
  </select>
  
  <select id="selectHistoricTaskInstanceIdsByProcessInstanceId" resultType="string" parameterType="org.activiti.engine.impl.db.ListQueryParameterObject" >
    select ID_ 
    from ${prefix}ACT_HI_TASKINST 
    where PROC_INST_ID_ = #{parameter}
  </select>

  <select id="selectHistoricTaskInstancesByQueryCriteria" parameterType="org.activiti.engine.impl.HistoricTaskInstanceQueryImpl" resultMap="historicTaskInstanceResultMap">
  	${limitBefore}
    select RES.* ${limitBetween}
    <include refid="selectHistoricTaskInstancesByQueryCriteriaSql"/>
    ${orderBy}
    ${limitAfter}
  </select>
  
  <select id="selectHistoricTaskInstanceCountByQueryCriteria" parameterType="org.activiti.engine.impl.HistoricTaskInstanceQueryImpl" resultType="long">
    select count(*)
    <include refid="selectHistoricTaskInstancesByQueryCriteriaSql"/>
  </select>
  
  <sql id="selectHistoricTaskInstancesByQueryCriteriaSql">
    from ${prefix}ACT_HI_TASKINST RES
    <if test="processFinished || processUnfinished">
      inner join ${prefix}ACT_HI_PROCINST HPI ON RES.PROC_INST_ID_ = HPI.ID_
    </if>
    <if test="processDefinitionKey != null || processDefinitionName != null">
      inner join ${prefix}ACT_RE_PROCDEF D on RES.PROC_DEF_ID_ = D.ID_
    </if>
    <where>
      <if test="taskId != null">
        RES.ID_ = #{taskId}
      </if>
      <if test="processDefinitionId != null">
        and RES.PROC_DEF_ID_ = #{processDefinitionId}
      </if>
      <if test="processDefinitionKey != null">
        and D.KEY_ = #{processDefinitionKey}
      </if>
      <if test="processDefinitionName != null">
        and D.NAME_ = #{processDefinitionName}
      </if>
      <if test="processInstanceId != null">
        and RES.PROC_INST_ID_ = #{processInstanceId}
      </if>
      <if test="taskDefinitionKey != null">
        and RES.TASK_DEF_KEY_ = #{taskDefinitionKey}
      </if>
      <if test="executionId != null">
        and RES.EXECUTION_ID_ = #{executionId}
      </if>
      <if test="taskName != null">
        and RES.NAME_ = #{taskName}
      </if>
      <if test="taskNameLike != null">
        and RES.NAME_ like #{taskNameLike}
      </if>
      <if test="taskParentTaskId != null">
        and RES.PARENT_TASK_ID_ = #{taskParentTaskId}
      </if>
      <if test="taskDescription != null">
        and RES.DESCRIPTION_ = #{taskDescription}
      </if>
      <if test="taskDescriptionLike != null">
        and RES.DESCRIPTION_ like #{taskDescriptionLike}
      </if>
      <if test="taskDeleteReason != null">
        and RES.DELETE_REASON_ = #{taskDeleteReason}
      </if>
      <if test="taskDeleteReasonLike != null">
        and RES.DELETE_REASON_ like #{taskDeleteReasonLike}
      </if>
      <if test="taskOwner != null">
        and RES.OWNER_ = #{taskOwner}
      </if>
      <if test="taskOwnerLike != null">
        and RES.OWNER_ like #{taskOwnerLike}
      </if>
      <if test="taskAssignee != null">
        and RES.ASSIGNEE_ = #{taskAssignee}
      </if>
      <if test="taskAssigneeLike != null">
        and RES.ASSIGNEE_ like #{taskAssigneeLike}
      </if>
      <if test="taskPriority != null">
        and RES.PRIORITY_ = #{taskPriority}
      </if>
      <if test="unfinished">
        and RES.END_TIME_ is null
      </if>
      <if test="finished">
        and RES.END_TIME_ is not null
      </if>
      <if test="processFinished">
        and HPI.END_TIME_ is not null
      </if>
      <if test="processUnfinished">
        and HPI.END_TIME_ is null
      </if>
      <if test="dueDate != null">
        and RES.DUE_DATE_ = #{dueDate}
      </if>
      <if test="dueBefore != null">
        and RES.DUE_DATE_ &lt; #{dueBefore}
      </if>
      <if test="dueAfter != null">
        and RES.DUE_DATE_ &gt; #{dueAfter}
      </if>
      <foreach collection="variables" index="index" item="var">
        and exists (
          select HD.ID_ 
          from ${prefix}ACT_HI_DETAIL HD 
          where
            HD.TYPE_ = 'VariableUpdate' 
            and HD.NAME_ =  #{var.name}
            <choose>
              <when test="var.local">
                and HD.TASK_ID_ = RES.ID_
                and HD.REV_ = (select max(HDM.REV_) from ${prefix}ACT_HI_DETAIL HDM where HDM.TASK_ID_ = RES.ID_ and HDM.VAR_TYPE_ = #{var.type} and HDM.NAME_ = #{var.name} and HDM.TYPE_ = 'VariableUpdate')
                and HD.TIME_ = (select max(HDM.TIME_) from ${prefix}ACT_HI_DETAIL HDM where HDM.TASK_ID_ = RES.ID_ and HDM.VAR_TYPE_ = #{var.type} and HDM.NAME_ = #{var.name} and HDM.TYPE_ = 'VariableUpdate')
              </when>
              <otherwise>
                and HD.PROC_INST_ID_ = RES.PROC_INST_ID_ and HD.TASK_ID_ is null
                and HD.REV_ = (select max(HDM.REV_) from ${prefix}ACT_HI_DETAIL HDM where HDM.PROC_INST_ID_ = RES.PROC_INST_ID_ and HDM.TASK_ID_ is null and HDM.VAR_TYPE_ = #{var.type} and HDM.NAME_ = #{var.name} and HDM.TYPE_ = 'VariableUpdate')
                and HD.TIME_ = (select max(HDM.TIME_) from ${prefix}ACT_HI_DETAIL HDM where HDM.PROC_INST_ID_ = RES.PROC_INST_ID_ and HDM.TASK_ID_ is null and HDM.VAR_TYPE_ = #{var.type} and HDM.NAME_ = #{var.name} and HDM.TYPE_ = 'VariableUpdate')
              </otherwise>
            </choose>  
            <if test="!var.type.equals('null')">
              and HD.VAR_TYPE_ = #{var.type}
            </if>
            <!-- Variable value -->
            <if test="var.textValue != null &amp;&amp; var.longValue == null &amp;&amp; var.doubleValue == null">
              and HD.TEXT_ =  #{var.textValue}
            </if>
            <if test="var.textValue2 != null">
              and HD.TEXT2_ = #{var.textValue2}
            </if>
            <if test="var.longValue != null">
              and HD.LONG_ = #{var.longValue}
            </if>
            <if test="var.doubleValue != null">
              and HD.DOUBLE_ = #{var.doubleValue}
            </if>
            <!-- Null variable type -->
            <if test="var.textValue == null &amp;&amp; var.textValue2 == null &amp;&amp; var.longValue == null &amp;&amp; var.doubleValue == null">
              and HD.TEXT_ is null and HD.TEXT2_ is null and HD.LONG_ is null and HD.DOUBLE_ is null and HD.BYTEARRAY_ID_ is null
            </if>
        )
      </foreach>
    </where>
  </sql>

  <select id="selectHistoricTaskInstanceByNativeQuery" parameterType="java.util.Map" resultMap="historicTaskInstanceResultMap">
    ${sql}
  </select>

  <select id="selectHistoricTaskInstanceCountByNativeQuery" parameterType="java.util.Map" resultType="long">
    ${sql}
  </select>
</mapper>
