<?xml version="1.0" encoding="UTF-8" ?>

<!--
  ~ Licensed under the Apache License, Version 2.0 (the "License");
  ~ you may not use this file except in compliance with the License.
  ~ You may obtain a copy of the License at
  ~
  ~       http://www.apache.org/licenses/LICENSE-2.0
  ~
  ~ Unless required by applicable law or agreed to in writing, software
  ~ distributed under the License is distributed on an "AS IS" BASIS,
  ~ WITHOUT WARRANTIES OR CONDITIONS OF ANY KIND, either express or implied.
  ~ See the License for the specific language governing permissions and
  ~ limitations under the License.
  -->

<!DOCTYPE mapper PUBLIC "-//mybatis.org//DTD Mapper 3.0//EN" "http://mybatis.org/dtd/mybatis-3-mapper.dtd">

<mapper namespace="org.activiti.engine.impl.persistence.entity.HistoricProcessInstanceEntity">

  <!-- HISTORIC PROCESS INSTANCE INSERT -->
  
  <insert id="insertHistoricProcessInstance" parameterType="org.activiti.engine.impl.persistence.entity.HistoricProcessInstanceEntity">
      insert into ${prefix}ACT_HI_PROCINST (
        ID_,
        PROC_INST_ID_,
        BUSINESS_KEY_,
        PROC_DEF_ID_,
        START_TIME_,
        END_TIME_,
        DURATION_,
        START_USER_ID_,
        START_ACT_ID_,
        END_ACT_ID_,
        SUPER_PROCESS_INSTANCE_ID_,
        DELETE_REASON_
      ) values (
        #{id ,jdbcType=VARCHAR},
        #{processInstanceId, jdbcType=VARCHAR},
        #{businessKey, jdbcType=VARCHAR},
        #{processDefinitionId, jdbcType=VARCHAR},
        #{startTime, jdbcType=TIMESTAMP},
        #{endTime, jdbcType=TIMESTAMP},
        #{durationInMillis ,jdbcType=BIGINT},
        #{startUserId, jdbcType=VARCHAR},
        #{startActivityId, jdbcType=VARCHAR},
        #{endActivityId, jdbcType=VARCHAR},
        #{superProcessInstanceId, jdbcType=VARCHAR},
        #{deleteReason, jdbcType=VARCHAR}
      )
  </insert>

  <!-- HISTORIC PROCESS INSTANCE UPDATE -->
  
  <update id="updateHistoricProcessInstance" parameterType="org.activiti.engine.impl.persistence.entity.HistoricProcessInstanceEntity">
    update ${prefix}ACT_HI_PROCINST set
      PROC_DEF_ID_ = #{processDefinitionId, jdbcType=VARCHAR},
      START_TIME_ = #{startTime, jdbcType=TIMESTAMP},
      END_TIME_ = #{endTime, jdbcType=TIMESTAMP},
      DURATION_ = #{durationInMillis ,jdbcType=BIGINT},
      END_ACT_ID_ = #{endActivityId, jdbcType=VARCHAR},
      DELETE_REASON_ = #{deleteReason, jdbcType=VARCHAR}
    where ID_ = #{id}
  </update>

  <!-- HISTORIC PROCESS INSTANCE DELETE -->
  
  <delete id="deleteHistoricProcessInstance">
    delete from ${prefix}ACT_HI_PROCINST where PROC_INST_ID_ = #{processInstanceId}
  </delete>

  <!-- HISTORIC PROCESS INSTANCE RESULT MAP -->
  
  <resultMap id="historicProcessInstanceResultMap" type="org.activiti.engine.impl.persistence.entity.HistoricProcessInstanceEntity">
    <id property="id" column="ID_" jdbcType="VARCHAR" />
    <result property="processInstanceId" column="PROC_INST_ID_" jdbcType="VARCHAR" />
    <result property="businessKey" column="BUSINESS_KEY_" jdbcType="VARCHAR"/>
    <result property="processDefinitionId" column="PROC_DEF_ID_" jdbcType="VARCHAR" />
    <result property="startTime" column="START_TIME_" jdbcType="TIMESTAMP" />
    <result property="endTime" column="END_TIME_" jdbcType="TIMESTAMP" />
    <result property="durationInMillis" column="DURATION_" jdbcType="BIGINT" />
    <result property="startUserId" column="START_USER_ID_" jdbcType="VARCHAR" />
    <result property="startActivityId" column="START_ACT_ID_" jdbcType="VARCHAR" />
    <result property="endActivityId" column="END_ACT_ID_" jdbcType="VARCHAR" />
    <result property="superProcessInstanceId" column="SUPER_PROCESS_INSTANCE_ID_" jdbcType="VARCHAR" />
    <result property="deleteReason" column="DELETE_REASON_" jdbcType="VARCHAR" />
  </resultMap>

  <!-- HISTORIC PROCESS INSTANCE SELECT -->
  
  <select id="selectHistoricProcessInstance" resultMap="historicProcessInstanceResultMap">
    select * from ${prefix}ACT_HI_PROCINST where PROC_INST_ID_ = #{processInstanceId}
  </select>

  <select id="selectHistoricProcessInstanceIdsByProcessDefinitionId" parameterType="org.activiti.engine.impl.db.ListQueryParameterObject" resultType="string">
    select ID_
    from ${prefix}ACT_HI_PROCINST 
    where PROC_DEF_ID_ = #{parameter}
  </select>
  

  <select id="selectHistoricProcessInstancesByQueryCriteria" parameterType="org.activiti.engine.impl.HistoricProcessInstanceQueryImpl" resultMap="historicProcessInstanceResultMap">
  	${limitBefore}
    select RES.* ${limitBetween}
    <include refid="selectHistoricProcessInstancesByQueryCriteriaSql"/>
    ${orderBy}
    ${limitAfter}
  </select>
  
  <select id="selectHistoricProcessInstanceCountByQueryCriteria" parameterType="org.activiti.engine.impl.HistoricProcessInstanceQueryImpl" resultType="long">
    select count(distinct RES.ID_)
    <include refid="selectHistoricProcessInstancesByQueryCriteriaSql"/>
  </select>
  
  <sql id="selectHistoricProcessInstancesByQueryCriteriaSql">
    from ${prefix}ACT_HI_PROCINST RES
    <if test="processKeyNotIn != null || processDefinitionKey != null">
      inner join ACT_RE_PROCDEF DEF on RES.PROC_DEF_ID_ = DEF.ID_
    </if>
    <foreach collection="queryVariableValues" index="index" item="queryVariableValue">
      inner join ${prefix}ACT_HI_VARINST  A${index} on RES.PROC_INST_ID_ = A${index}.PROC_INST_ID_
    </foreach>    
    <where>
      <if test="processInstanceId != null">
        RES.PROC_INST_ID_ = #{processInstanceId}
      </if>
      <if test="processInstanceIds != null and !processInstanceIds.isEmpty()">
        and RES.PROC_INST_ID_ in
        <foreach item="item" index="index" collection="processInstanceIds" open="(" separator="," close=")">
          #{item}
        </foreach>
      </if>
      <if test="processDefinitionId != null">
        and RES.PROC_DEF_ID_ = #{processDefinitionId}
      </if>
      <if test="processDefinitionKey != null">
        and RES.PROC_DEF_ID_ like #{processDefinitionIdLike}
      </if>
      <if test="businessKey != null">
        and RES.BUSINESS_KEY_ = #{businessKey}
      </if>

      <if test="startedBefore != null">
        and RES.START_TIME_ &lt;= #{startedBefore}
      </if>
      <if test="startedAfter != null">
        and RES.START_TIME_ &gt;= #{startedAfter}
      </if>
      <if test="finishedBefore != null">
        and RES.END_TIME_ &lt;= #{finishedBefore}
      </if>
      <if test="finishedAfter != null">
        and RES.END_TIME_ &gt;= #{finishedAfter}
      </if>
      <if test="processKeyNotIn != null">
        <foreach collection="processKeyNotIn" index="index" item="procDefKey">
        and DEF.KEY_ not like #{procDefKey}
      </foreach>
      </if>
      
      <!-- DEPRECATED : TO BE REMOVED IN 5.11 -->
      <if test="startDateOn">
        and RES.START_TIME_ &gt;= #{startDateOnBegin}
        and RES.START_TIME_ &lt;= #{startDateOnEnd}
      </if>
      <!-- DEPRECATED : TO BE REMOVED IN 5.11 -->
      <if test="finishDateOn">
        and RES.END_TIME_ &gt;= #{finishDateOnBegin}
        and RES.END_TIME_ &lt;= #{finishDateOnEnd}
      </if>
      <!-- DEPRECATED : TO BE REMOVED IN 5.11 -->
      <if test="finishDateBy">
        and RES.END_TIME_ &lt;= #{finishDateBy}
      </if>
      <!-- DEPRECATED : TO BE REMOVED IN 5.11 -->
      <if test="startDateBy">
        and RES.START_TIME_ &gt;= #{startDateBy}
      </if>

      <if test="unfinished">
        and RES.END_TIME_ IS NULL
      </if>
      <if test="finished">
        and RES.END_TIME_ is not NULL
      </if>
      <if test="startedBy != null">
        and RES.START_USER_ID_ = #{startedBy}
      </if>
      <if test="superProcessInstanceId != null">
        and RES.SUPER_PROCESS_INSTANCE_ID_ = #{superProcessInstanceId}
      </if>
      <foreach collection="queryVariableValues" index="index" item="queryVariableValue">
        <if test="queryVariableValue.name != null">
          <!-- Match-all variable-names when name is null -->
          and A${index}.NAME_= #{queryVariableValue.name}
        </if>
        <if test="!queryVariableValue.type.equals('null')">
        <!-- When operator is not-equals or type of value is null, type doesn't matter! -->
          and A${index}.VAR_TYPE_ = #{queryVariableValue.type}
        </if>
        <if test="queryVariableValue.textValue != null &amp;&amp; queryVariableValue.longValue == null &amp;&amp; queryVariableValue.doubleValue == null">
          <choose>
            <when test="queryVariableValue.operator.equals('EQUALS_IGNORE_CASE') || queryVariableValue.operator.equals('NOT_EQUALS_IGNORE_CASE')">
              and lower(A${index}.TEXT_)
            </when>
            <otherwise>
              and A${index}.TEXT_
            </otherwise>
          </choose>
          <choose>
            <when test="queryVariableValue.operator.equals('LIKE')">LIKE</when>
            <otherwise><include refid="executionVariableOperator" /></otherwise>
          </choose>
          #{queryVariableValue.textValue}
        </if>
        <if test="queryVariableValue.textValue2 != null">
        and A${index}.TEXT2_
        <choose>
          <when test="queryVariableValue.operator.equals('LIKE')">LIKE</when>
          <otherwise><include refid="executionVariableOperator" /></otherwise>
        </choose>
          #{queryVariableValue.textValue2}
        </if>
        <if test="queryVariableValue.longValue != null">
        and A${index}.LONG_
        <include refid="executionVariableOperator" />
        #{queryVariableValue.longValue}
        </if>
        <if test="queryVariableValue.doubleValue != null">
        and A${index}.DOUBLE_
        <include refid="executionVariableOperator" />
        #{queryVariableValue.doubleValue}
        </if>
        <!-- Null variable type -->
        <if test="queryVariableValue.textValue == null &amp;&amp; queryVariableValue.textValue2 == null &amp;&amp; queryVariableValue.longValue == null &amp;&amp; queryVariableValue.doubleValue == null">
          <choose>
          <when test="queryVariableValue.operator.equals('NOT_EQUALS')">
            and (A${index}.TEXT_ is not null or A${index}.TEXT2_ is not null or A${index}.LONG_ is not null or A${index}.DOUBLE_ is not null or A${index}.BYTEARRAY_ID_ is not null)
          </when>
          <otherwise>
            and A${index}.TEXT_ is null and A${index}.TEXT2_ is null and A${index}.LONG_ is null and A${index}.DOUBLE_ is null and A${index}.BYTEARRAY_ID_ is null
          </otherwise>
        </choose>
        </if>
      </foreach>
    </where>
  </sql>
  
  <sql id="executionVariableOperator">
    <choose>
      <when test="queryVariableValue.operator.equals('EQUALS')">=</when>
      <when test="queryVariableValue.operator.equals('EQUALS_IGNORE_CASE')">=</when>
      <when test="queryVariableValue.operator.equals('NOT_EQUALS')">&lt;&gt;</when>
      <when test="queryVariableValue.operator.equals('NOT_EQUALS_IGNORE_CASE')">&lt;&gt;</when>
      <when test="queryVariableValue.operator.equals('GREATER_THAN')">&gt;</when>
      <when test="queryVariableValue.operator.equals('GREATER_THAN_OR_EQUAL')">&gt;=</when>
      <when test="queryVariableValue.operator.equals('LESS_THAN')">&lt;</when>
      <when test="queryVariableValue.operator.equals('LESS_THAN_OR_EQUAL')">&lt;=</when>
   </choose>
  </sql>
 
   <select id="selectHistoricProcessInstanceByNativeQuery" parameterType="java.util.Map" resultMap="historicProcessInstanceResultMap">
    ${sql}
  </select>

  <select id="selectHistoricProcessInstanceCountByNativeQuery" parameterType="java.util.Map" resultType="long">
    ${sql}
  </select>
</mapper>
