<?xml version="1.0" encoding="UTF-8" ?> 

<!DOCTYPE mapper PUBLIC "-//mybatis.org//DTD Mapper 3.0//EN" "http://mybatis.org/dtd/mybatis-3-mapper.dtd"> 
  
<mapper namespace="org.activiti.engine.impl.persistence.entity.JobEntity">

  <!-- JOB DELETE STATEMENTS-->

  <delete id="deleteJob" parameterType="org.activiti.engine.impl.persistence.entity.JobEntity">
    delete from ${prefix}ACT_RU_JOB where ID_ = #{id} and REV_ = #{revision}
  </delete>
  
  <delete id="deleteTimer" parameterType="org.activiti.engine.impl.persistence.entity.JobEntity">
    delete from ${prefix}ACT_RU_JOB where ID_ = #{id} and REV_ = #{revision}
  </delete>
  
  <delete id="deleteMessage" parameterType="org.activiti.engine.impl.persistence.entity.JobEntity">
    delete from ${prefix}ACT_RU_JOB where ID_ = #{id} and REV_ = #{revision}
  </delete>
  
  <!-- JOB RESULTMAP (FOR TIMER AND MESSAGE) -->

  <resultMap id="jobResultMap" type="org.activiti.engine.impl.persistence.entity.JobEntity">
    <id property="id" column="ID_" jdbcType="VARCHAR" />
    <result property="revision" column="REV_" jdbcType="INTEGER" />
    <result property="lockOwner" column="LOCK_OWNER_" jdbcType="VARCHAR" />
    <result property="lockExpirationTime" column="LOCK_EXP_TIME_" jdbcType="TIMESTAMP" />
    <result property="exclusive" column="EXCLUSIVE_" jdbcType="BOOLEAN" />
    <result property="executionId" column="EXECUTION_ID_" jdbcType="VARCHAR" />
    <result property="processInstanceId" column="PROCESS_INSTANCE_ID_" jdbcType="VARCHAR" />
    <result property="processDefinitionId" column="PROC_DEF_ID_" jdbcType="VARCHAR" />
    <result property="retries" column="RETRIES_" jdbcType="INTEGER" />
    <result property="exceptionByteArrayId" column="EXCEPTION_STACK_ID_" jdbcType="VARCHAR" />
    <result property="exceptionMessage" column="EXCEPTION_MSG_" jdbcType="VARCHAR" />
    <result property="jobHandlerType" column="HANDLER_TYPE_" jdbcType="VARCHAR" />
    <result property="jobHandlerConfiguration" column="HANDLER_CFG_" jdbcType="VARCHAR" />
    <discriminator javaType="string" column="TYPE_">
      <case value="message" resultMap="messageResultMap"/> 
      <case value="timer" resultMap="timerResultMap"/> 
    </discriminator>
  </resultMap>

  <resultMap id="messageResultMap" type="org.activiti.engine.impl.persistence.entity.MessageEntity" extends="jobResultMap"/>

  <resultMap id="timerResultMap" type="org.activiti.engine.impl.persistence.entity.TimerEntity" extends="jobResultMap">
    <result property="duedate" column="DUEDATE_" jdbcType="TIMESTAMP" />
    <result property="repeat" column="REPEAT_" jdbcType="VARCHAR" />
  </resultMap>

  <!-- JOB SELECT (FOR TIMER AND MESSAGE) -->  

  <select id="selectJob" parameterType="string" resultMap="jobResultMap">
    select * from ${prefix}ACT_RU_JOB where ID_ = #{id}
  </select>

  <select id="selectNextJobsToExecute" parameterType="org.activiti.engine.impl.db.ListQueryParameterObject" resultMap="jobResultMap">
  	${limitBefore}
    select 
    	RES.* ${limitBetween}    		
    from ${prefix}ACT_RU_JOB RES    
    	LEFT OUTER JOIN ${prefix}ACT_RU_EXECUTION PI ON PI.ID_ = RES.PROCESS_INSTANCE_ID_
    where (RES.RETRIES_ &gt; 0)
      and (RES.DUEDATE_ is null or RES.DUEDATE_ &lt; #{parameter, jdbcType=TIMESTAMP})
      and (RES.LOCK_OWNER_ is null or RES.LOCK_EXP_TIME_ &lt; #{parameter, jdbcType=TIMESTAMP})
	  and (
	  	    (RES.EXECUTION_ID_ is null)
	  		or 
	  		(PI.SUSPENSION_STATE_ = 1)
      )  
    ${limitAfter}	    
  </select>     
  
  <!--  ACT-1064: MySQL-specific select's are needed to handle non-millisecond precision -->
  <select id="selectNextJobsToExecute_mysql" parameterType="org.activiti.engine.impl.db.ListQueryParameterObject" resultMap="jobResultMap">
    ${limitBefore}
    select RES.* ${limitBetween} 
    from ${prefix}ACT_RU_JOB RES
      LEFT OUTER JOIN ${prefix}ACT_RU_EXECUTION PI ON PI.ID_ = RES.PROCESS_INSTANCE_ID_
    where (RETRIES_ &gt; 0)
      and (DUEDATE_ is null or DUEDATE_ &lt;= #{parameter, jdbcType=TIMESTAMP})
      and (LOCK_OWNER_ is null or LOCK_EXP_TIME_ &lt;= #{parameter, jdbcType=TIMESTAMP})
      and (
          (RES.EXECUTION_ID_ is null)
        or 
        (PI.SUSPENSION_STATE_ = 1)     
      )  
    ${limitAfter}
  </select>              

  <select id="selectExclusiveJobsToExecute" parameterType="org.activiti.engine.impl.db.ListQueryParameterObject" resultMap="jobResultMap">
  	${limitBefore}
    select RES.* ${limitBetween} 
    from ${prefix}ACT_RU_JOB RES    
    where (RETRIES_ &gt; 0)
      and (DUEDATE_ is null or DUEDATE_ &lt; #{parameter.now, jdbcType=TIMESTAMP})
      and (LOCK_OWNER_ is null or LOCK_EXP_TIME_ &lt; #{parameter.now, jdbcType=TIMESTAMP})
      and (EXCLUSIVE_ = TRUE)
      and (PROCESS_INSTANCE_ID_ = #{parameter.pid})  
    ${limitAfter}
  </select>
  
  <select id="selectExclusiveJobsToExecute_mysql" parameterType="org.activiti.engine.impl.db.ListQueryParameterObject" resultMap="jobResultMap">
    ${limitBefore}
    select RES.* ${limitBetween} 
    from ${prefix}ACT_RU_JOB RES
    where (RETRIES_ &gt; 0)
      and (DUEDATE_ is null or DUEDATE_ &lt;= #{parameter.now, jdbcType=TIMESTAMP})
      and (LOCK_OWNER_ is null or LOCK_EXP_TIME_ &lt;= #{parameter.now, jdbcType=TIMESTAMP})
      and (EXCLUSIVE_ = TRUE)
      and (PROCESS_INSTANCE_ID_ = #{parameter.pid})
    ${limitAfter}
  </select>
  
  <select id="selectExclusiveJobsToExecute_integerBoolean" parameterType="org.activiti.engine.impl.db.ListQueryParameterObject" resultMap="jobResultMap">
  	${limitBefore}
    select RES.* ${limitBetween} 
    from ${prefix}ACT_RU_JOB RES  
    where (RETRIES_ &gt; 0)
      and (DUEDATE_ is null or DUEDATE_ &lt; #{parameter.now, jdbcType=TIMESTAMP})
      and (LOCK_OWNER_ is null or LOCK_EXP_TIME_ &lt; #{parameter.now, jdbcType=TIMESTAMP})
      and (EXCLUSIVE_ = 1)
      and (PROCESS_INSTANCE_ID_ = #{parameter.pid})  
    ${limitAfter}   
  </select>
  
  <select id="selectJobsByConfiguration" parameterType="org.activiti.engine.impl.db.ListQueryParameterObject" resultMap="jobResultMap">
      select * from ${prefix}ACT_RU_JOB
      where HANDLER_TYPE_ = #{parameter.handlerType}
      and HANDLER_CFG_ =  #{parameter.handlerConfiguration}
  </select>

  <select id="selectJobsByExecutionId" parameterType="org.activiti.engine.impl.db.ListQueryParameterObject" resultMap="jobResultMap">
    select *
    from ${prefix}ACT_RU_JOB J
    where J.EXECUTION_ID_ = #{parameter}
  </select>

  <select id="selectJobByQueryCriteria" parameterType="org.activiti.engine.impl.JobQueryImpl" resultMap="jobResultMap">
  	${limitBefore}
    select RES.* ${limitBetween}
    <include refid="selectJobByQueryCriteriaSql"/>
    ${orderBy}
    ${limitAfter}
  </select>

  <select id="selectJobCountByQueryCriteria" parameterType="org.activiti.engine.impl.JobQueryImpl" resultType="long">
    select count(distinct RES.ID_)
    <include refid="selectJobByQueryCriteriaSql"/>
  </select>
  
  <sql id="selectJobByQueryCriteriaSql">
    from ${prefix}ACT_RU_JOB RES
    <if test="executable">
        LEFT OUTER JOIN ${prefix}ACT_RU_EXECUTION PI ON PI.ID_ = RES.PROCESS_INSTANCE_ID_
    </if>
    <where>
      <if test="id != null">
        RES.ID_ = #{id}
      </if>
      <if test="processInstanceId != null">
        and RES.PROCESS_INSTANCE_ID_ = #{processInstanceId}
      </if>
      <if test="executionId != null">
        and RES.EXECUTION_ID_ = #{executionId}
      </if>
      <if test="processDefinitionId != null">
        and RES.PROC_DEF_ID_ = #{processDefinitionId}
      </if>
      <if test="retriesLeft">
        and RES.RETRIES_ &gt; 0
      </if>
      <if test="executable">
        and (RES.RETRIES_ &gt; 0)
        and (RES.DUEDATE_ is null or RES.DUEDATE_ &lt;= #{now, jdbcType=TIMESTAMP})
        and (
            (RES.EXECUTION_ID_ is null)
            or 
            (PI.SUSPENSION_STATE_ = 1)     
      )
      </if>
      <if test="onlyTimers">
        and RES.TYPE_ = 'timer'
      </if>
      <if test="onlyMessages">
        and RES.TYPE_ = 'message'
      </if>
      <if test="duedateHigherThen != null">
        and RES.DUEDATE_ &gt; #{duedateHigherThen}
      </if>
      <if test="duedateLowerThen != null">
        and RES.DUEDATE_ &lt; #{duedateLowerThen}
      </if>
      <if test="duedateHigherThenOrEqual != null">
        and RES.DUEDATE_ &gt;= #{duedateHigherThenOrEqual}
      </if>
      <if test="duedateLowerThenOrEqual != null">
        and RES.DUEDATE_ &lt;= #{duedateLowerThenOrEqual}
      </if>
      <if test="withException">
      	and (RES.EXCEPTION_MSG_ is not null or RES.EXCEPTION_STACK_ID_ is not null)
      </if>
      <if test="exceptionMessage">
      	and RES.EXCEPTION_MSG_ = #{exceptionMessage}
      </if>
    </where>
  </sql>

  <!-- TIMER INSERT -->
  
  <insert id="insertTimer" parameterType="org.activiti.engine.impl.persistence.entity.TimerEntity">
    insert into ${prefix}ACT_RU_JOB (
            ID_, 
            REV_,
            TYPE_,
            LOCK_OWNER_, 
            LOCK_EXP_TIME_,
            EXCLUSIVE_,
            EXECUTION_ID_, 
            PROCESS_INSTANCE_ID_,
            PROC_DEF_ID_,
            RETRIES_, 
            EXCEPTION_STACK_ID_,
            EXCEPTION_MSG_,
            DUEDATE_,
            REPEAT_,
            HANDLER_TYPE_,
            HANDLER_CFG_ )
    values (#{id, jdbcType=VARCHAR},
            1,
            'timer',
            #{lockOwner, jdbcType=VARCHAR},
            #{lockExpirationTime, jdbcType=TIMESTAMP},
            #{exclusive, jdbcType=BOOLEAN},
            #{executionId, jdbcType=VARCHAR},
            #{processInstanceId, jdbcType=VARCHAR},
            #{processDefinitionId, jdbcType=VARCHAR},
            #{retries, jdbcType=INTEGER},
            #{exceptionByteArrayId, jdbcType=VARCHAR},
            #{exceptionMessage, jdbcType=VARCHAR},
            #{duedate, jdbcType=TIMESTAMP},
            #{repeat, jdbcType=VARCHAR},
            #{jobHandlerType, jdbcType=VARCHAR},
            #{jobHandlerConfiguration, jdbcType=VARCHAR}
    )
  </insert>

  <!-- TIMER UPDATE -->

  <update id="updateTimer" parameterType="org.activiti.engine.impl.persistence.entity.TimerEntity">
    update ${prefix}ACT_RU_JOB
    <set>
       REV_ =  #{revisionNext, jdbcType=INTEGER},
       LOCK_EXP_TIME_ = #{lockExpirationTime, jdbcType=TIMESTAMP},
       LOCK_OWNER_ = #{lockOwner, jdbcType=VARCHAR},
       RETRIES_ = #{retries, jdbcType=INTEGER},
       EXCEPTION_STACK_ID_ = #{exceptionByteArrayId, jdbcType=VARCHAR},
       EXCEPTION_MSG_ = #{exceptionMessage, jdbcType=VARCHAR},
       DUEDATE_ = #{duedate, jdbcType=TIMESTAMP}
    </set>
    where ID_= #{id, jdbcType=VARCHAR}
      and REV_ = #{revision, jdbcType=INTEGER}
  </update>
  
  <!-- TIMER SELECT -->
  
  <select id="selectUnlockedTimersByDuedate" parameterType="org.activiti.engine.impl.db.ListQueryParameterObject" resultMap="jobResultMap">
    select RES.*
    from ${prefix}ACT_RU_JOB RES
    LEFT OUTER JOIN ${prefix}ACT_RU_EXECUTION PI ON PI.ID_ = RES.PROCESS_INSTANCE_ID_
    where (RES.TYPE_ = 'timer')
      and (RES.DUEDATE_ is not null)
      and (RES.DUEDATE_ &lt; #{parameter, jdbcType=TIMESTAMP})
      and (RES.LOCK_OWNER_ is null or RES.LOCK_EXP_TIME_ &lt; #{parameter, jdbcType=TIMESTAMP})
      and (RES.RETRIES_  &gt; 0)
      and (
        (RES.EXECUTION_ID_ is null)
        or 
        (PI.SUSPENSION_STATE_ = 1)    
      )
    order by DUEDATE_
  </select>

  <select id="selectTimersByExecutionId" parameterType="org.activiti.engine.impl.db.ListQueryParameterObject" resultMap="jobResultMap">
    select * 
    from ${prefix}ACT_RU_JOB 
    where (RETRIES_ &gt; 0)
      and (TYPE_ = 'timer')
      and (EXECUTION_ID_ = #{parameter})
  </select>
  

  <!-- MESSAGE INSERT -->

  <insert id="insertMessage" parameterType="org.activiti.engine.impl.persistence.entity.MessageEntity">
    insert into ${prefix}ACT_RU_JOB (
            ID_, 
            REV_, 
            TYPE_,
            LOCK_OWNER_, 
            LOCK_EXP_TIME_,
            EXCLUSIVE_,
            EXECUTION_ID_, 
            PROCESS_INSTANCE_ID_,
            PROC_DEF_ID_,
            RETRIES_, 
            EXCEPTION_STACK_ID_,
            EXCEPTION_MSG_,
            HANDLER_TYPE_,
            HANDLER_CFG_)
    values (#{id, jdbcType=VARCHAR},
            1,
            'message',
            #{lockOwner, jdbcType=VARCHAR},
            #{lockExpirationTime, jdbcType=TIMESTAMP},
            #{exclusive, jdbcType=BOOLEAN},
            #{executionId, jdbcType=VARCHAR},
            #{processInstanceId, jdbcType=VARCHAR},
            #{processDefinitionId, jdbcType=VARCHAR},
            #{retries, jdbcType=INTEGER},
            #{exceptionByteArrayId, jdbcType=VARCHAR},
            #{exceptionMessage, jdbcType=VARCHAR},
            #{jobHandlerType, jdbcType=VARCHAR},
            #{jobHandlerConfiguration, jdbcType=VARCHAR}
    )
  </insert>
  
  <!-- MESSAGE UPDATE -->
  
  <update id="updateMessage" parameterType="org.activiti.engine.impl.persistence.entity.MessageEntity">
    update ${prefix}ACT_RU_JOB
    <set>
       REV_ =  #{revisionNext, jdbcType=INTEGER},
       LOCK_EXP_TIME_ = #{lockExpirationTime, jdbcType=TIMESTAMP},
       LOCK_OWNER_ = #{lockOwner, jdbcType=VARCHAR},
       RETRIES_ = #{retries, jdbcType=INTEGER},
       EXCEPTION_STACK_ID_ = #{exceptionByteArrayId, jdbcType=VARCHAR},
       EXCEPTION_MSG_ = #{exceptionMessage, jdbcType=VARCHAR}
    </set>
    where ID_= #{id, jdbcType=VARCHAR}
      and REV_ = #{revision, jdbcType=INTEGER}
  </update>

</mapper>
