<?xml version="1.0" encoding="UTF-8" ?> 

<!DOCTYPE mapper PUBLIC "-//mybatis.org//DTD Mapper 3.0//EN" "http://mybatis.org/dtd/mybatis-3-mapper.dtd"> 
  
<mapper namespace="org.activiti.engine.impl.persistence.entity.TaskEntity">

  <!-- TASK INSERT -->
  
  <insert id="insertTask" parameterType="org.activiti.engine.impl.persistence.entity.TaskEntity">
    insert into ${prefix}ACT_RU_TASK (ID_, REV_, NAME_, PARENT_TASK_ID_, DESCRIPTION_, PRIORITY_, CREATE_TIME_, OWNER_,
                      ASSIGNEE_, DELEGATION_, EXECUTION_ID_, PROC_INST_ID_, PROC_DEF_ID_, TASK_DEF_KEY_, DUE_DATE_, SUSPENSION_STATE_)
    values (#{id, jdbcType=VARCHAR},
            1,
            #{name, jdbcType=VARCHAR},
            #{parentTaskId, jdbcType=VARCHAR},
            #{description, jdbcType=VARCHAR},
            #{priority, jdbcType=INTEGER},
            #{createTime, jdbcType=TIMESTAMP},
            #{owner, jdbcType=VARCHAR},
            #{assignee, jdbcType=VARCHAR},
            #{delegationStateString, jdbcType=VARCHAR},
            #{executionId, jdbcType=VARCHAR},
            #{processInstanceId, jdbcType=VARCHAR},
            #{processDefinitionId, jdbcType=VARCHAR},
            #{taskDefinitionKey, jdbcType=VARCHAR},
            #{dueDate, jdbcType=TIMESTAMP},
            #{suspensionState, jdbcType=INTEGER}
           )
  </insert>
  
  <!-- TASK UPDATE -->
  
  <update id="updateTask" parameterType="org.activiti.engine.impl.persistence.entity.TaskEntity">
    update ${prefix}ACT_RU_TASK
    <set>
      REV_ = #{revisionNext, jdbcType=INTEGER},
      NAME_ = #{name, jdbcType=VARCHAR},
      PARENT_TASK_ID_ = #{parentTaskId, jdbcType=VARCHAR},
      PRIORITY_ = #{priority, jdbcType=INTEGER},
      CREATE_TIME_ = #{createTime, jdbcType=TIMESTAMP},
      OWNER_ = #{owner, jdbcType=VARCHAR},
      ASSIGNEE_ = #{assignee, jdbcType=VARCHAR},
      DELEGATION_ = #{delegationStateString, jdbcType=VARCHAR},
      EXECUTION_ID_ = #{executionId, jdbcType=VARCHAR},
      PROC_DEF_ID_ = #{processDefinitionId, jdbcType=VARCHAR},
      DESCRIPTION_ = #{description, jdbcType=VARCHAR},
      DUE_DATE_ = #{dueDate, jdbcType=TIMESTAMP},
      SUSPENSION_STATE_ = #{suspensionState, jdbcType=INTEGER}
    </set>
    where ID_= #{id, jdbcType=VARCHAR}
      and REV_ = #{revision, jdbcType=INTEGER}
  </update>
  
  <!-- TASK DELETE -->
  <delete id="deleteTask" parameterType="org.activiti.engine.impl.persistence.entity.TaskEntity">
    delete from ${prefix}ACT_RU_TASK where ID_ = #{id} and REV_ = #{revision}
  </delete>
  
  <!-- TASK RESULTMAP -->
  
  <resultMap id="taskResultMap" type="org.activiti.engine.impl.persistence.entity.TaskEntity">
    <id property="id" column="ID_" jdbcType="VARCHAR"/>
    <result property="revision" column="REV_" jdbcType="INTEGER"/>
    <result property="nameWithoutCascade" column="NAME_" jdbcType="VARCHAR"/>
    <result property="parentTaskIdWithoutCascade" column="PARENT_TASK_ID_" jdbcType="VARCHAR"/>
    <result property="descriptionWithoutCascade" column="DESCRIPTION_" jdbcType="VARCHAR"/>
    <result property="priorityWithoutCascade" column="PRIORITY_" jdbcType="INTEGER"/>
    <result property="createTime" column="CREATE_TIME_" jdbcType="TIMESTAMP" />
    <result property="ownerWithoutCascade" column="OWNER_" jdbcType="VARCHAR"/>
    <result property="assigneeWithoutCascade" column="ASSIGNEE_" jdbcType="VARCHAR"/>
    <result property="delegationStateString" column="DELEGATION_" jdbcType="VARCHAR"/>
    <result property="executionId" column="EXECUTION_ID_" jdbcType="VARCHAR" />
    <result property="processInstanceId" column="PROC_INST_ID_" jdbcType="VARCHAR" />
    <result property="processDefinitionId" column="PROC_DEF_ID_" jdbcType="VARCHAR"/>
    <result property="taskDefinitionKeyWithoutCascade" column="TASK_DEF_KEY_" jdbcType="VARCHAR"/>
    <result property="dueDateWithoutCascade" column="DUE_DATE_" jdbcType="TIMESTAMP"/>
    <result property="suspensionState" column="SUSPENSION_STATE_" jdbcType="INTEGER" />
  </resultMap>

  <!-- TASK SELECT -->  

  <select id="selectTask" parameterType="string" resultMap="taskResultMap">
   select * from ${prefix}ACT_RU_TASK where ID_ = #{id}
  </select>
  
  <select id="selectTasksByParentTaskId" parameterType="org.activiti.engine.impl.db.ListQueryParameterObject" resultMap="taskResultMap">
    select * from ${prefix}ACT_RU_TASK where PARENT_TASK_ID_ = #{parameter}
  </select>

  <select id="selectTasksByExecutionId" parameterType="org.activiti.engine.impl.db.ListQueryParameterObject" resultMap="taskResultMap">
    select distinct T.*
    from ${prefix}ACT_RU_TASK T
    where T.EXECUTION_ID_ = #{parameter}
  </select>
  
  <select id="selectTasksByProcessInstanceId" parameterType="org.activiti.engine.impl.db.ListQueryParameterObject" resultMap="taskResultMap">
    select T.*
    from ${prefix}ACT_RU_TASK T
    where T.PROC_INST_ID_ = #{parameter}
  </select>
  
  <select id="selectTaskByQueryCriteria" parameterType="org.activiti.engine.impl.TaskQueryImpl" resultMap="taskResultMap">
    ${limitBefore}
    select distinct RES.* ${limitBetween}
    <include refid="selectTaskByQueryCriteriaSql"/> 
    ${orderBy}
    ${limitAfter}
  </select>

  <select id="selectTaskCountByQueryCriteria" parameterType="org.activiti.engine.impl.TaskQueryImpl" resultType="long">
    select count(distinct RES.ID_)
    <include refid="selectTaskByQueryCriteriaSql"/>
  </select>
  
  <sql id="selectTaskByQueryCriteriaSql">  
    from ${prefix}ACT_RU_TASK RES
    <if test="candidateUser != null || candidateGroups != null || involvedUser != null">
      inner join ${prefix}ACT_RU_IDENTITYLINK I on I.TASK_ID_ = RES.ID_
    </if>
    <foreach collection="variables" index="index" item="var">
      <choose>
        <when test="var.local">
          inner join ${prefix}ACT_RU_VARIABLE A${index} on RES.ID_ = A${index}.TASK_ID_ 
        </when>
        <otherwise>
          inner join ${prefix}ACT_RU_VARIABLE A${index} on RES.PROC_INST_ID_ = A${index}.PROC_INST_ID_ 
        </otherwise>
      </choose>       
    </foreach>
    <if test="processDefinitionKey != null || processDefinitionName != null">
      inner join ${prefix}ACT_RE_PROCDEF D on RES.PROC_DEF_ID_ = D.ID_
    </if>
    <if test="processInstanceBusinessKey != null">
        inner join ${prefix}ACT_RU_EXECUTION E on RES.PROC_INST_ID_ = E.ID_
    </if>
    <where> 
      <if test="taskId != null">
        RES.ID_ = #{taskId}
      </if>
      <if test="name != null">
        and RES.NAME_ = #{name}
      </if>
      <if test="nameLike != null">
        and RES.NAME_ like #{nameLike}
      </if>
      <if test="description != null">
        and RES.DESCRIPTION_ = #{description}
      </if>
      <if test="descriptionLike != null">
        and RES.DESCRIPTION_ like #{descriptionLike}
      </if>
      <if test="priority != null">
        and RES.PRIORITY_ = #{priority}
      </if> 
      <if test="minPriority != null">
        and RES.PRIORITY_ &gt;= #{minPriority}
      </if> 
      <if test="maxPriority != null">
        and RES.PRIORITY_ &lt;= #{maxPriority}
      </if> 
      <if test="assignee != null">
        and RES.ASSIGNEE_ = #{assignee}
      </if>
      <if test="owner != null">
        and RES.OWNER_ = #{owner}
      </if>
      <if test="unassigned">
        and RES.ASSIGNEE_ IS NULL
      </if>
      <if test="noDelegationState">
        and RES.DELEGATION_ IS NULL
      </if>
      <if test="delegationState != null">
        and RES.DELEGATION_ = #{delegationStateString}
      </if>
      <if test="processInstanceId != null">
        and RES.PROC_INST_ID_ = #{processInstanceId}
      </if>
      <if test="processInstanceBusinessKey != null">
        and E.BUSINESS_KEY_ = #{processInstanceBusinessKey}
      </if>         
      <if test="executionId != null">
        and RES.EXECUTION_ID_ = #{executionId}
      </if>
      <if test="createTime != null">
        and RES.CREATE_TIME_ = #{createTime}
      </if>
      <if test="createTimeBefore != null">
        and RES.CREATE_TIME_ &lt; #{createTimeBefore}
      </if>
      <if test="createTimeAfter != null">
        and RES.CREATE_TIME_ &gt; #{createTimeAfter}
      </if>
      <if test="key != null">
        and RES.TASK_DEF_KEY_ = #{key}
      </if>
      <if test="keyLike != null">
        and RES.TASK_DEF_KEY_ like #{keyLike}
      </if>
      <if test="processDefinitionId != null">
        and RES.PROC_DEF_ID_ = #{processDefinitionId}
      </if>
      <if test="processDefinitionKey != null">
        and D.KEY_ = #{processDefinitionKey}
      </if>
      <if test="processDefinitionName != null">
        and D.NAME_ = #{processDefinitionName}
      </if>
      <if test="dueDate != null">
        and RES.DUE_DATE_ = #{dueDate}
      </if>
      <if test="dueBefore != null">
        and RES.DUE_DATE_ &lt; #{dueBefore}
      </if>
      <if test="dueAfter != null">
        and RES.DUE_DATE_ &gt; #{dueAfter}
      </if>
      <if test="dueDate != null || dueBefore != null || dueAfter != null">
        and RES.DUE_DATE_ is not null
      </if>
      <if test="excludeSubtasks">
        and RES.PARENT_TASK_ID_ IS NULL
      </if>
      <if test="candidateUser != null || candidateGroups != null">
        and RES.ASSIGNEE_ is null
        and I.TYPE_ = 'candidate'
        and 
        ( 
          <if test="candidateUser != null">
            I.USER_ID_ = #{candidateUser}          
          </if>
          <if test="candidateUser != null &amp;&amp; candidateGroups != null &amp;&amp; candidateGroups.size() &gt; 0">
            or
          </if>
          <if test="candidateGroups != null &amp;&amp; candidateGroups.size() &gt; 0">
            I.GROUP_ID_ IN
            <foreach item="group" index="index" collection="candidateGroups" 
                     open="(" separator="," close=")">
              #{group}
            </foreach>
          </if>
        )
      </if>
      <if test="involvedUser != null">
        and I.USER_ID_ = #{involvedUser}
      </if>
      <foreach item="var" collection="variables" index="index">
        <if test="!var.local">
          <!-- When process instance variable is queried for, taskId should be null -->
          and A${index}.TASK_ID_ is null
        </if>
        <if test="var.name != null">
          <!-- Match-all variable-names when name is null -->
          and A${index}.NAME_= #{var.name}
        </if>
        <if test="!var.type.equals('null')">
          and A${index}.TYPE_ = #{var.type}
        </if>
        <!-- Variable value -->
        <if test="var.textValue != null &amp;&amp; var.longValue == null &amp;&amp; var.doubleValue == null">
          <choose>
            <when test="var.operator.equals('EQUALS_IGNORE_CASE') || var.operator.equals('NOT_EQUALS_IGNORE_CASE')">
              and lower(A${index}.TEXT_)
            </when>
            <otherwise>
              and A${index}.TEXT_
            </otherwise>
          </choose> 
          <choose>
              <when test="var.operator.equals('LIKE')">LIKE</when>
              <otherwise><include refid="executionVariableOperator" /></otherwise>
          </choose>          
          #{var.textValue}
        </if>
        <if test="var.textValue2 != null">
          and A${index}.TEXT2_ 
          <choose>
            <when test="var.operator.equals('LIKE')">LIKE</when>
            <otherwise><include refid="executionVariableOperator" /></otherwise>
          </choose>          
          #{var.textValue2}
        </if>
        <if test="var.longValue != null">
          and A${index}.LONG_
          <include refid="executionVariableOperator" />
          #{var.longValue}
        </if>
        <if test="var.doubleValue != null">
          and A${index}.DOUBLE_ 
          <include refid="executionVariableOperator" />
          #{var.doubleValue}
        </if>
        <!-- Null variable type -->
        <if test="var.textValue == null &amp;&amp; var.textValue2 == null &amp;&amp; var.longValue == null &amp;&amp; var.doubleValue == null">
          <choose>
            <when test="var.operator.equals('NOT_EQUALS')">
              and (A${index}.TEXT_ is not null or A${index}.TEXT2_ is not null or A${index}.LONG_ is not null or A${index}.DOUBLE_ is not null or A${index}.BYTEARRAY_ID_ is not null)
            </when>
            <otherwise>
              and A${index}.TEXT_ is null and A${index}.TEXT2_ is null and A${index}.LONG_ is null and A${index}.DOUBLE_ is null and A${index}.BYTEARRAY_ID_ is null
            </otherwise>
          </choose>          
        </if>
      </foreach>
      <if test="suspensionState != null">
        <if test="suspensionState.stateCode == 1">
            and RES.SUSPENSION_STATE_ = 1
        </if>
        <if test="suspensionState.stateCode == 2">
            and RES.SUSPENSION_STATE_ = 2
        </if>
      </if>
    </where>
  </sql>
  
  <sql id="executionVariableOperator">
    <choose>
      <when test="var.operator.equals('EQUALS')">=</when>
      <when test="var.operator.equals('EQUALS_IGNORE_CASE')">=</when>
      <when test="var.operator.equals('NOT_EQUALS')">&lt;&gt;</when>
      <when test="var.operator.equals('NOT_EQUALS_IGNORE_CASE')">&lt;&gt;</when>
      <when test="var.operator.equals('GREATER_THAN')">&gt;</when>
      <when test="var.operator.equals('GREATER_THAN_OR_EQUAL')">&gt;=</when>
      <when test="var.operator.equals('LESS_THAN')">&lt;</when>
      <when test="var.operator.equals('LESS_THAN_OR_EQUAL')">&lt;=</when>
   </choose>
  </sql>  

  <select id="selectTaskByNativeQuery" parameterType="java.util.Map" resultMap="taskResultMap">
    ${sql}
  </select>

  <select id="selectTaskCountByNativeQuery" parameterType="java.util.Map" resultType="long">
     ${sql}
  </select>

</mapper>