<?xml version="1.0" encoding="UTF-8" ?> 

<!DOCTYPE mapper PUBLIC "-//mybatis.org//DTD Mapper 3.0//EN" "http://mybatis.org/dtd/mybatis-3-mapper.dtd">

<mapper namespace="org.activiti.engine.impl.persistence.entity.VariableInstanceEntity">

  <!-- VARIABLE INSTANCE INSERT -->
  
  <insert id="insertVariableInstance" parameterType="org.activiti.engine.impl.persistence.entity.VariableInstanceEntity">
    insert into ${prefix}ACT_RU_VARIABLE (ID_, REV_, TYPE_, NAME_, PROC_INST_ID_, EXECUTION_ID_, TASK_ID_, BYTEARRAY_ID_, DOUBLE_, LONG_ , TEXT_, TEXT2_)
    values (
	    #{id, jdbcType=VARCHAR},
	    1,
	    #{type, jdbcType=VARCHAR },
	    #{name, jdbcType=VARCHAR},
      #{processInstanceId, jdbcType=VARCHAR},
	    #{executionId, jdbcType=VARCHAR},
      #{taskId, jdbcType=VARCHAR},
	    #{byteArrayValueId, jdbcType=VARCHAR},
	    #{doubleValue, jdbcType=DOUBLE},
	    #{longValue, jdbcType=BIGINT},
	    #{textValue, jdbcType=VARCHAR},
	    #{textValue2, jdbcType=VARCHAR}
    )
  </insert>
  
  <!-- VARIABLE INSTANCE UPDATE -->
  
  <update id="updateVariableInstance" parameterType="org.activiti.engine.impl.persistence.entity.VariableInstanceEntity">
    update ${prefix}ACT_RU_VARIABLE
    set 
      REV_ = #{revisionNext, jdbcType=INTEGER},
	    BYTEARRAY_ID_ = #{byteArrayValueId, jdbcType=VARCHAR},
	    DOUBLE_ = #{doubleValue, jdbcType=DOUBLE},
	    LONG_ = #{longValue, jdbcType=BIGINT},
	    TEXT_ = #{textValue, jdbcType=VARCHAR},
	    TEXT2_ = #{textValue2, jdbcType=VARCHAR}
    where ID_ = #{id, jdbcType=VARCHAR}
      and REV_ = #{revision, jdbcType=INTEGER}
  </update>

  <!-- VARIABLE INSTANCE DELETE -->

  <delete id="deleteVariableInstance" parameterType="org.activiti.engine.impl.persistence.entity.VariableInstanceEntity">
    delete from ${prefix}ACT_RU_VARIABLE where ID_ = #{id, jdbcType=VARCHAR} and REV_ = #{revision}
  </delete>
  
  <!-- VARIABLE INSTANCE RESULTMAP -->

	<resultMap id="variableInstanceResultMap" type="org.activiti.engine.impl.persistence.entity.VariableInstanceEntity">
		<id property="id" column="ID_" jdbcType="VARCHAR" />
    <result property="revision" column="REV_" jdbcType="INTEGER"/>
		<result property="type" column="TYPE_" javaType="org.activiti.engine.impl.variable.VariableType" jdbcType="VARCHAR"/>
		<result property="name" column="NAME_" javaType="String" jdbcType="VARCHAR" />
    <result property="processInstanceId" column="PROC_INST_ID_" jdbcType="VARCHAR" />
    <result property="executionId" column="EXECUTION_ID_" jdbcType="VARCHAR" />
    <result property="taskId" column="TASK_ID_" jdbcType="VARCHAR" />
		<result property="activityId" column="ACTIVITY_ID_" jdbcType="VARCHAR" />
		<result property="isActive" column="IS_ACTIVE_" jdbcType="BOOLEAN" />
		<result property="isConcurrencyScope" column="IS_CONCURRENCY_SCOPE_" jdbcType="BOOLEAN" />
		<result property="byteArrayValueId" column="BYTEARRAY_ID_" jdbcType="VARCHAR" />
		<result property="doubleValue" column="DOUBLE_" jdbcType="DOUBLE" />
		<result property="textValue" column="TEXT_" jdbcType="VARCHAR"/>
		<result property="textValue2" column="TEXT2_" jdbcType="VARCHAR"/>
		<result property="longValue" column="LONG_" jdbcType="BIGINT"/>
	</resultMap>

  <!-- VARIABLE INSTANCE SELECT -->

	<select id="selectVariableInstance" parameterType="string" resultMap="variableInstanceResultMap">
		select * from ${prefix}ACT_RU_VARIABLE where ID_ = #{id, jdbcType=VARCHAR}
  </select>

	<select id="selectVariablesByExecutionId" parameterType="org.activiti.engine.impl.db.ListQueryParameterObject" resultMap="variableInstanceResultMap">
		select * from ${prefix}ACT_RU_VARIABLE 
		where EXECUTION_ID_ = #{parameter, jdbcType=VARCHAR}
		  and TASK_ID_ is null
  </select>

  <select id="selectVariablesByTaskId" parameterType="org.activiti.engine.impl.db.ListQueryParameterObject" resultMap="variableInstanceResultMap">
    select * from ${prefix}ACT_RU_VARIABLE where
    TASK_ID_ = #{parameter, jdbcType=VARCHAR}
  </select>

  <!-- BYTE ARRAY INSERT -->

  <insert id="insertByteArray" parameterType="org.activiti.engine.impl.persistence.entity.ByteArrayEntity">
    insert into ${prefix}ACT_GE_BYTEARRAY(ID_, REV_, NAME_, BYTES_, DEPLOYMENT_ID_)
    values (
      #{id, jdbcType=VARCHAR},
      1, 
      #{name, jdbcType=VARCHAR}, 
      #{bytes, jdbcType=BLOB}, 
      #{deploymentId, jdbcType=VARCHAR}
    )  
  </insert>
  
  <!-- BYTE ARRAY UPDATE -->

  <update id="updateByteArray" parameterType="org.activiti.engine.impl.persistence.entity.ByteArrayEntity">
    update ${prefix}ACT_GE_BYTEARRAY 
    set
      REV_ = #{revisionNext, jdbcType=INTEGER},
      BYTES_ = #{bytes, jdbcType=BLOB}
    where ID_ = #{id}
      and REV_ = #{revision, jdbcType=INTEGER}
  </update>
  
  <!-- BYTE ARRAY DELETE -->

  <select id="selectBytesOfByteArray" parameterType="string" resultType="hashmap">
    select BYTES_ from ${prefix}ACT_GE_BYTEARRAY where ID_ = #{id} and REV_ = #{revision}
  </select>
  
  <delete id="deleteByteArraysForDeployment" parameterType="org.activiti.engine.impl.persistence.entity.ByteArrayEntity">
    delete from ${prefix}ACT_GE_BYTEARRAY where DEPLOYMENT_ID_ = #{id} and REV_ = #{revision}
  </delete>
  
  <delete id="deleteByteArray" parameterType="org.activiti.engine.impl.persistence.entity.ByteArrayEntity">
    delete from ${prefix}ACT_GE_BYTEARRAY where ID_ = #{id} and REV_ = #{revision}
  </delete>
  
  <delete id="deleteByteArrayNoRevisionCheck" parameterType="string">
    delete from ${prefix}ACT_GE_BYTEARRAY where ID_ = #{id}
  </delete>

  <!-- BYTE ARRAY RESULTMAP -->
  
  <resultMap id="byteArrayResultMap" type="org.activiti.engine.impl.persistence.entity.ByteArrayEntity">
    <id property="id" column="ID_" jdbcType="VARCHAR" />
    <result property="revision" column="REV_" jdbcType="INTEGER"/>
    <result property="name" column="NAME_" jdbcType="VARCHAR"/>
    <result property="bytes" column="BYTES_" jdbcType="BLOB"/>  
  </resultMap>

  <!-- BYTE ARRAY SELECT -->
  
  <select id="selectByteArray" parameterType="string" resultMap="byteArrayResultMap">
   select * from ${prefix}ACT_GE_BYTEARRAY where ID_ = #{id}
  </select>
  
<!-- Postgresql specific configuration -->
  <resultMap id="byteArrayResultMap_postgres" type="org.activiti.engine.impl.persistence.entity.ByteArrayEntity">
    <id property="id" column="ID_" jdbcType="VARCHAR" />
    <result property="revision" column="REV_" jdbcType="INTEGER"/>
    <result property="name" column="NAME_" jdbcType="VARCHAR"/>
    <result property="bytes" column="BYTES_" jdbcType="BINARY"/>  
  </resultMap>
  
  <select id="selectByteArray_postgres" parameterType="string" resultMap="byteArrayResultMap_postgres">
   select * from ${prefix}ACT_GE_BYTEARRAY where ID_ = #{id}
  </select>

	<update id="updateByteArray_postgres" parameterType="org.activiti.engine.impl.persistence.entity.ByteArrayEntity">
    update ${prefix}ACT_GE_BYTEARRAY 
    set
      REV_ = #{revisionNext, jdbcType=INTEGER},
      BYTES_ = #{bytes, jdbcType=BINARY}
    where ID_ = #{id}
      and REV_ = #{revision, jdbcType=INTEGER}
  </update>  
  
    <insert id="insertByteArray_postgres" parameterType="org.activiti.engine.impl.persistence.entity.ByteArrayEntity">
    insert into ${prefix}ACT_GE_BYTEARRAY(ID_, REV_, NAME_, BYTES_, DEPLOYMENT_ID_)
    values (
      #{id, jdbcType=VARCHAR},
      1, 
      #{name, jdbcType=VARCHAR}, 
      #{bytes, jdbcType=BINARY}, 
      #{deploymentId, jdbcType=VARCHAR}
    )  
  </insert>
</mapper>